{
  "Id": 0,
  "children": [
    {
      "Id": 1,
      "Name": "Metabo",
      "iconCls": "metabo",
      "expanded": true,
      "children": [
        {
          "Id": 2,
          "Name": "2012",
          "iconCls": "sch-terminal",
          "expanded": true,
          "FGrad": "80",
          "BudgetS": "500",
          "BudgetI": "300",
          "Type": "K",
          "children": [
            {
              "Id": 3,
              "Name": "Printkataloge",
              "iconCls": "sch-gates-bundle",
              "expanded": true,
              "FGrad": "60",
              "Type": "M",
              "BudgetS": "250",
              "BudgetI": "150",
              "children": [
                {
                  "Id": 4,
                  "Name": "Hauptkatalog",
                  "leaf": true,
                  "iconCls": "sch-gate",
                  "Prio": "A",
                  "Type": "K",
                  "FGrad": "20",
                  "BudgetS": "100",
                  "BudgetI": " 50"
                },
                {
                  "Id": 5,
                  "Name": "HMI Katalog",
                  "leaf": true,
                  "iconCls": "sch-gate",
                  "Prio": "B",
                  "Type": "K",
                  "FGrad": "40",
                  "BudgetS": "150",
                  "BudgetI": " 90"
                }
              ]
            },
            {
              "Id": 6,
              "Name": "Messen",
              "iconCls": "sch-gates-bundle",
              "expanded": true,
              "FGrad": "55",
              "BudgetS": "250",
              "BudgetI": "150",
              "Type": "K",
              "children": [
                {
                  "Id": 7,
                  "Name": "HMI",
                  "leaf": true,
                  "iconCls": "sch-gate",
                  "Prio": "A",
                  "Type": "M",
                  "FGrad": "30",
                  "BudgetS": "110",
                  "BudgetI": " 60"
                },
                {
                  "Id": 8,
                  "Name": "Baumesse",
                  "leaf": true,
                  "iconCls": "sch-gate",
                  "Prio": "B",
                  "Type": "M",
                  "FGrad": "65",
                  "BudgetS": "200",
                  "BudgetI": "100"
                }
              ]
            }
          ]
        },
        {
          "Id": 9,
          "Name": "2011",
          "iconCls": "sch-terminal",
          "FGrad": "90",
          "BudgetS": "700",
          "BudgetI": "800",
          "Type": "M",
          "children": [
            {
              "Id": 10,
              "Name": "Printkataloge",
              "iconCls": "sch-gates-bundle",
              "FGrad": "40",
              "BudgetS": "250",
              "BudgetI": "150",
              "Type": "M",
              "children": [
                {
                  "Id": 11,
                  "Name": "Hauptkatalog",
                  "leaf": true,
                  "iconCls": "sch-gate",
                  "Prio": "A",
                  "Type": "K",
                  "FGrad": "20",
                  "BudgetS": "100",
                  "BudgetI": " 50"
                },
                {
                  "Id": 12,
                  "Name": "HMI Katalog",
                  "leaf": true,
                  "iconCls": "sch-gate",
                  "Prio": "B",
                  "Type": "K",
                  "FGrad": "40",
                  "BudgetS": "150",
                  "BudgetI": " 90"
                }
              ]
            },
            {
              "Id": 13,
              "Name": "Messen",
              "iconCls": "sch-gates-bundle",
              "FGrad": "40",
              "BudgetS": "150",
              "BudgetI": " 90",
              "Type": "K",
              "children": [
                {
                  "Id": 14,
                  "Name": "HMI",
                  "leaf": true,
                  "iconCls": "sch-gate",
                  "Prio": "A",
                  "Type": "M",
                  "FGrad": "30",
                  "BudgetS": "110",
                  "BudgetI": " 60"
                },
                {
                  "Id": 15,
                  "Name": "Baumesse",
                  "leaf": true,
                  "iconCls": "sch-gate",
                  "Prio": "B",
                  "Type": "M",
                  "FGrad": "65",
                  "BudgetS": "200",
                  "BudgetI": "100"
                }
              ]
            }
          ]
        }
      ]
    }
  ]
}