{
  "Id": 0,
  "children": [
    {
      "Id": 1,
      "Name": "Metabo",
      "iconCls": "metabo",
      "expanded": true,
      "children": [
        {
          "Id": 2,
          "Name": "2012",
          "iconCls": "sch-terminal",
          "expanded": true,
          "FGrad": "80%",
          "BudgetS": "500 TEUR",
          "BudgetI": "300 TEUR",
          "children": [
            {
              "Id": 3,
              "Name": "Printkataloge",
              "iconCls": "sch-gates-bundle",
              "expanded": true,
              "FGrad": "60%",
              "BudgetS": "250 TEUR",
              "BudgetI": "150 TEUR",
              "children": [
                {
                  "Id": 4,
                  "Name": "Hauptkatalog",
                  "leaf": true,
                  "iconCls": "sch-gate",
                  "Prio": "A",
                  "FGrad": "20%",
                  "BudgetS": "100 TEUR",
                  "BudgetI": " 50 TEUR"
                },
                {
                  "Id": 5,
                  "Name": "HMI Katalog",
                  "leaf": true,
                  "iconCls": "sch-gate",
                  "Prio": "B",
                  "FGrad": "40%",
                  "BudgetS": "150 TEUR",
                  "BudgetI": " 90 TEUR"
                }
              ]
            },
            {
              "Id": 6,
              "Name": "Messen",
              "iconCls": "sch-gates-bundle",
              "expanded": true,
              "FGrad": "55%",
              "BudgetS": "250 TEUR",
              "BudgetI": "150 TEUR",
              "children": [
                {
                  "Id": 7,
                  "Name": "HMI",
                  "leaf": true,
                  "iconCls": "sch-gate",
                  "Prio": "A",
                  "FGrad": "30%",
                  "BudgetS": "110 TEUR",
                  "BudgetI": " 60 TEUR"
                },
                {
                  "Id": 8,
                  "Name": "Baumesse",
                  "leaf": true,
                  "iconCls": "sch-gate",
                  "Prio": "B",
                  "FGrad": "65%",
                  "BudgetS": "200 TEUR",
                  "BudgetI": "100 TEUR"
                }
              ]
            }
          ]
        },
        {
          "Id": 9,
          "Name": "2011",
          "iconCls": "sch-terminal",
          "FGrad": "90%",
          "BudgetS": "700 TEUR",
          "BudgetI": "800 TEUR",
          "children": [
            {
              "Id": 10,
              "Name": "Printkataloge",
              "iconCls": "sch-gates-bundle",
              "FGrad": "40%",
              "BudgetS": "250 TEUR",
              "BudgetI": "150 TEUR",
              "children": [
                {
                  "Id": 11,
                  "Name": "Hauptkatalog",
                  "leaf": true,
                  "iconCls": "sch-gate",
                  "Prio": "A",
                  "FGrad": "20%",
                  "BudgetS": "100 TEUR",
                  "BudgetI": " 50 TEUR"
                },
                {
                  "Id": 12,
                  "Name": "HMI Katalog",
                  "leaf": true,
                  "iconCls": "sch-gate",
                  "Prio": "B",
                  "FGrad": "40%",
                  "BudgetS": "150 TEUR",
                  "BudgetI": " 90 TEUR"
                }
              ]
            },
            {
              "Id": 13,
              "Name": "Messen",
              "iconCls": "sch-gates-bundle",
              "FGrad": "40%",
              "BudgetS": "150 TEUR",
              "BudgetI": " 90 TEUR",
              "children": [
                {
                  "Id": 14,
                  "Name": "HMI",
                  "leaf": true,
                  "iconCls": "sch-gate",
                  "Prio": "A",
                  "FGrad": "30%",
                  "BudgetS": "110 TEUR",
                  "BudgetI": " 60 TEUR"
                },
                {
                  "Id": 15,
                  "Name": "Baumesse",
                  "leaf": true,
                  "iconCls": "sch-gate",
                  "Prio": "B",
                  "FGrad": "65%",
                  "BudgetS": "200 TEUR",
                  "BudgetI": "100 TEUR"
                }
              ]
            }
          ]
        }
      ]
    }
  ]
}            

 