{
  "success": true,
  "users": [
    {
      "name": "Doug Engelbart",
      "id": "1231",
      "born": "1925",
      "who": "Mother of all demos"
    },
    {
      "name": "Dieter Rams",
      "id": "1232",
      "born": "1932 ",
      "who": "braun design guru"
    },
    {
      "name": "Bernard Purdie",
      "id": "1233",
      "born": "1939 ",
      "who": "Soul Drummer"
    },
    {
      "name": "Nina Simone",
      "id": "1234",
      "born": "1933",
      "who": "Singer"
    },
    {
      "name": "Douglas Crockford",
      "id": "1235",
      "born": "1955",
      "who": "javascript guru"
    },
    {
      "name": "Jesse James Garret",
      "id": "1236",
      "born": "1970?",
      "who": "ajax name giver"
    },
    {
      "name": "Clemens Lutsch",
      "id": "1237",
      "born": "1970?",
      "who": "UX Evangelist"
    },
    {
      "name": "Hasso Plattener",
      "id": "1238",
      "born": "1944",
      "who": "SAP Founder, Design Thinking Evangelist"
    },
    {
      "name": "Kira Kr&auml;mer",
      "id": "1239",
      "born": "1972",
      "who": " Design Thinking Teacher"
    },

    {
      "name": "Steve Krug",
      "id": "12311",
      "born": "1970?",
      "who": "Usability pro"
    },
    {
      "name": "Werner T.Kuestenmacher",
      "id": "12312",
      "born": "1953 ",
      "who": "simplify founder"
    },
    {
      "name": "Lothar J. Seiwert",
      "id": "12313",
      "born": "1952 ",
      "who": "simplify founder"
    },
    {
      "name": "Esther Derby",
      "id": "12314",
      "born": "1966?",
      "who": "Thinker"
    },
    {
      "name": "Marissa Mayer",
      "id": "12315",
      "born": "1975",
      "who": "Yahoo CEO"
    },
    {
      "name": "Gunther Dueck",
      "id": "12316",
      "born": "1951 ",
      "who": "Writer and Thinker"
    },
    {
      "name": "Lars Hinrichs",
      "id": "12317",
      "born": "1976 ",
      "who": "Xing Founder"
    },
    {
      "name": "Jason Dorsey",
      "id": "12318",
      "born": "1983",
      "who": "Twitter founder and genY"
    },
    {
      "name": "Georges I. Gurdjieff",
      "id": "12319",
      "born": "1866",
      "who": "Teacher Musician"
    },
    {
      "name": "Haruki Murakami",
      "id": "12320",
      "born": "1949",
      "who": "Writer"
    },
    {
      "name": "Arkadi Strugatzki",
      "id": "12321",
      "born": "1925",
      "who": "Writer"
    },
    {
      "name": "Boris Strugatzki",
      "id": "12322",
      "born": "1933",
      "who": "Writer"
    },
    {
      "name": "Stanislaw Lem",
      "id": "12323",
      "born": "1921",
      "who": "Writer"
    },
    {
      "name": "Paul Coelho",
      "id": "12324",
      "born": "1947 ",
      "who": "Writer"
    },
    {
      "name": "Michael Ende",
      "id": "12325",
      "born": "1929",
      "who": "Writer"
    },
    {
      "name": "Carlos Ruiz Zafon",
      "id": "12326",
      "born": "1964 ",
      "who": "Writer"
    },
    {
      "name": "Oscar Wilde",
      "id": "12327",
      "born": "1854",
      "who": "Writer"
    },
    {
      "name": "Luisa Francia",
      "id": "12328",
      "born": "1949",
      "who": "Author Thinker Magicion Writer Painter"
    },
    {
      "name": "Susanne Fischer-Rizzi",
      "id": "12329",
      "born": "1952",
      "who": "Author"
    },
    {
      "name": "Klausbernd Vollmar",
      "id": "12330",
      "born": "1946",
      "who": "Psychologe Dreamanalyzer"
    },
    {
      "name": "Lisa Kekaula",
      "id": "12331",
      "born": "1967 ",
      "who": "BellRays"
    },    
    {
      "name": "Joey Ramone",
      "id": "12332",
      "born": "1951",
      "who": "Ramones"
    },
    {
      "name": "Ringo Starr",
      "id": "12333",
      "born": "1940",
      "who": "Beatles Drummer"
    },
    {
      "name": "Gene Krupa",
      "id": "12334",
      "born": "1909",
      "who": "Jazz Drummer"
    },
    {
      "name": "Phil Rudd",
      "id": "12335",
      "born": "1954",
      "who": "AC/DC Drummer"
    },
    {
      "name": "Peter Criss",
      "id": "12336",
      "born": "1945",
      "who": "Kiss Drummer"
    },
    {
      "name": "John Bonham",
      "id": "12337",
      "born": "1948",
      "who": "Led Zeppelin Drummer"
    },
    {
      "name": "Keith Moon",
      "id": "12338",
      "born": "1946",
      "who": "Who Drummer"
    },
    {
      "name": "Bill Ward",
      "id": "12339",
      "born": "1948",
      "who": "Black Sabbath Drummer"
    }
  ]
}

