<?xml version="1.0" encoding="UTF-8"?>
<!DOCTYPE xml>
<root>
    <mydata>
        <mydataRow>
            <a>1</a>
            <b>aaa</b>
        </mydataRow>
        <mydataRow>
            <a>2</a>
            <b>bbb</b>
        </mydataRow>
        <mydataRow>
            <a>3</a>
            <b>ccc</b>
        </mydataRow>
        <mydataRow>
            <a>4</a>
            <b>aaa</b>
        </mydataRow>
        <mydataRow>
            <a>5</a>
            <b>bbb</b>
        </mydataRow>
    </mydata>
    <mydataSummary>
        <mydataRow>
            <a>50</a>
            <b>aaa</b>
        </mydataRow>
    </mydataSummary>
    <mydataSummary>
        <mydataRow>
            <a>70</a>
            <b>bbb</b>
        </mydataRow>
    </mydataSummary>
    <mydataSummary>
        <mydataRow>
            <a>30</a>
            <b>ccc</b>
        </mydataRow>
    </mydataSummary>
</root>