{
  "text": ".",
  "children": [
    {
      "epobDscr": "Project: Shopping 123",
      "duration": 13.25,
      "user": "Tommy Maintz",
      "epobTypeDscr": "Prozess",
      "type": "EXTERNAL_PROCESS",
      "epobTypeId": 5960,
      "iconCls": "task-folder",
      "processId": 1,
      "epobId": 11,
      "epobParentId": 0,
      "expanded": true,
      "children": [
        {
          "epobDscr": "Housewares",
          "duration": 1.25,
          "user": "Tommy Maintz",
          "epobTypeDscr": "Prozess",
          "epobType": "EXTERNAL_PROCESS",
          "epobTypeId": 5960,
          "iconCls": "task-folder",
          "processId": 2,
          "epobId": 22,
          "epobParentId": 11,
          "children": [
            {
              "epobDscr": "Kitchen supplies",
              "duration": 0.25,
              "user": "Tommy Maintz",
              "leaf": true,
              "epobTypeDscr": "Aktion",
              "epobType": "EXTERNAL_ACTION",
              "epobTypeId": 5967,
              "iconCls": "task",
              "processId": 2,
              "epobId": 221,
              "epobParentId": 22
            },
            {
              "epobDscr": "Groceries",
              "duration": 0.4,
              "user": "Tommy Maintz",
              "leaf": true,
              "epobTypeDscr": "Aktion",
              "epobType": "EXTERNAL_ACTION",
              "epobTypeId": 5967,
              "iconCls": "task",
              "processId": 2,
              "epobId": 222,
              "epobParentId": 22
            },
            {
              "epobDscr": "Cleaning supplies",
              "duration": 0.4,
              "user": "Tommy Maintz",
              "leaf": true,
              "epobTypeDscr": "Aktion",
              "epobType": "EXTERNAL_ACTION",
              "epobTypeId": 5967,
              "iconCls": "task",
              "processId": 2,
              "epobId": 223,
              "epobParentId": 22
            },
            {
              "epobDscr": "Office supplies",
              "duration": 0.2,
              "user": "Tommy Maintz",
              "leaf": true,
              "epobTypeDscr": "Aktion",
              "epobType": "EXTERNAL_ACTION",
              "epobTypeId": 5967,
              "iconCls": "task",
              "processId": 2,
              "epobId": 224,
              "epobParentId": 22
            }
          ]
        },
        {
          "epobDscr": "Remodeling",
          "duration": 12,
          "user": "Tommy Maintz",
          "epobTypeDscr": "Prozess",
          "epobType": "EXTERNAL_PROCESS",
          "epobTypeId": 5960,
          "iconCls": "task-folder",
          "processId": 3,
          "epobId": 33,
          "epobParentId": 11,
          "expanded": true,
          "children": [
            {
              "epobDscr": "Retile kitchen",
              "duration": 6.5,
              "user": "Tommy Maintz",
              "leaf": true,
              "epobTypeDscr": "Aktion",
              "epobType": "EXTERNAL_ACTION",
              "epobTypeId": 5967,
              "iconCls": "task",
              "processId": 3,
              "epobId": 331,
              "epobParentId": 33
            },
            {
              "epobDscr": "Paint bedroom",
              "duration": 2.75,
              "user": "Tommy Maintz",
              "epobTypeDscr": "Prozess",
              "epobType": "EXTERNAL_PROCESS",
              "epobTypeId": 5960,
              "iconCls": "task-folder",
              "processId": 4,
              "epobId": 44,
              "epobParentId": 33,
              "children": [
                {
                  "epobDscr": "Ceiling",
                  "duration": 1.25,
                  "user": "Tommy Maintz",
                  "epobTypeDscr": "Aktion",
                  "epobType": "EXTERNAL_ACTION",
                  "epobTypeId": 5967,
                  "iconCls": "task",
                  "processId": 4,
                  "epobId": 441,
                  "epobParentId": 44,
                  "leaf": true
                },
                {
                  "epobDscr": "Walls",
                  "duration": 1.5,
                  "user": "Tommy Maintz",
                  "epobTypeDscr": "Aktion",
                  "epobType": "EXTERNAL_ACTION",
                  "epobTypeId": 5967,
                  "iconCls": "task",
                  "processId": 4,
                  "epobId": 442,
                  "epobParentId": 44,
                  "leaf": true
                }
              ]
            },
            {
              "epobDscr": "Decorate living room",
              "duration": 2.75,
              "user": "Tommy Maintz",
              "leaf": true,
              "epobTypeDscr": "Aktion",
              "epobType": "EXTERNAL_ACTION",
              "epobTypeId": 5967,
              "iconCls": "task",
              "processId": 3,
              "epobId": 332,
              "epobParentId": 33
            },
            {
              "epobDscr": "Fix lights",
              "duration": 0.75,
              "user": "Tommy Maintz",
              "leaf": true,
              "epobTypeDscr": "Aktion",
              "epobType": "EXTERNAL_ACTION",
              "epobTypeId": 5967,
              "iconCls": "task",
              "processId": 3,
              "epobId": 333,
              "epobParentId": 33
            },
            {
              "epobDscr": "Reattach screen door",
              "duration": 2,
              "user": "Tommy Maintz",
              "leaf": true,
              "epobTypeDscr": "Aktion",
              "epobType": "EXTERNAL_ACTION",
              "epobTypeId": 5967,
              "iconCls": "task",
              "processId": 3,
              "epobId": 334,
              "epobParentId": 33
            }
          ]
        }
      ]
    },
    {
      "epobDscr": "Project: Testing",
      "duration": 2,
      "user": "Core Team",
      "epobTypeDscr": "Prozess",
      "epobType": "EXTERNAL_PROCESS",
      "epobTypeId": 5960,
      "iconCls": "task-folder",
      "processId": 4,
      "epobId": 44,
      "epobParentId": 0,
      "children": [
        {
          "epobDscr": "Mac OSX",
          "duration": 0.75,
          "user": "Tommy Maintz",
          "epobTypeDscr": "Prozess",
          "epobType": "EXTERNAL_PROCESS",
          "epobTypeId": 5960,
          "iconCls": "task-folder",
          "processId": 5,
          "epobId": 55,
          "epobParentId": 44,
          "children": [
            {
              "epobDscr": "FireFox",
              "duration": 0.25,
              "user": "Tommy Maintz",
              "epobTypeDscr": "Aktion",
              "epobType": "EXTERNAL_ACTION",
              "epobTypeId": 5967,
              "iconCls": "task",
              "processId": 5,
              "epobId": 551,
              "epobParentId": 55,
              "leaf": true
            },
            {
              "epobDscr": "Safari",
              "duration": 0.25,
              "user": "Tommy Maintz",
              "epobTypeDscr": "Aktion",
              "epobType": "EXTERNAL_ACTION",
              "epobTypeId": 5967,
              "iconCls": "task",
              "processId": 5,
              "epobId": 552,
              "epobParentId": 55,
              "leaf": true
            },
            {
              "epobDscr": "Chrome",
              "duration": 0.25,
              "user": "Tommy Maintz",
              "epobTypeDscr": "Aktion",
              "epobType": "EXTERNAL_ACTION",
              "epobTypeId": 5967,
              "iconCls": "task",
              "processId": 5,
              "epobId": 553,
              "epobParentId": 55,
              "leaf": true
            }
          ]
        },
        {
          "epobDscr": "Windows",
          "duration": 3.75,
          "user": "Darrell Meyer",
          "epobTypeDscr": "Prozess",
          "epobType": "EXTERNAL_PROCESS",
          "epobTypeId": 5960,
          "iconCls": "task-folder",
          "processId": 6,
          "epobId": 66,
          "epobParentId": 44,
          "children": [
            {
              "epobDscr": "FireFox",
              "duration": 0.25,
              "user": "Darrell Meyer",
              "epobTypeDscr": "Aktion",
              "epobType": "EXTERNAL_ACTION",
              "epobTypeId": 5967,
              "iconCls": "task",
              "processId": 6,
              "epobId": 661,
              "epobParentId": 66,
              "leaf": true
            },
            {
              "epobDscr": "Safari",
              "duration": 0.25,
              "user": "Darrell Meyer",
              "epobTypeDscr": "Aktion",
              "epobType": "EXTERNAL_ACTION",
              "epobTypeId": 5967,
              "iconCls": "task",
              "processId": 6,
              "epobId": 662,
              "epobParentId": 66,
              "leaf": true
            },
            {
              "epobDscr": "Chrome",
              "duration": 0.25,
              "user": "Darrell Meyer",
              "epobTypeDscr": "Aktion",
              "epobType": "EXTERNAL_ACTION",
              "epobTypeId": 5967,
              "iconCls": "task",
              "processId": 6,
              "epobId": 663,
              "epobParentId": 66,
              "leaf": true
            },
            {
              "epobDscr": "Internet Exploder",
              "duration": 3,
              "user": "Darrell Meyer",
              "epobTypeDscr": "Aktion",
              "epobType": "EXTERNAL_ACTION",
              "epobTypeId": 5967,
              "iconCls": "task",
              "processId": 6,
              "epobId": 664,
              "epobParentId": 66,
              "leaf": true
            }
          ]
        },
        {
          "epobDscr": "Linux",
          "duration": 0.5,
          "user": "Aaron Conran",
          "epobTypeDscr": "Prozess",
          "epobType": "EXTERNAL_PROCESS",
          "epobTypeId": 5960,
          "iconCls": "task-folder",
          "processId": 7,
          "epobId": 77,
          "epobParentId": 44,
          "children": [
            {
              "epobDscr": "FireFox",
              "duration": 0.25,
              "user": "Aaron Conran",
              "epobTypeDscr": "Aktion",
              "epobType": "EXTERNAL_ACTION",
              "epobTypeId": 5967,
              "iconCls": "task",
              "processId": 7,
              "epobId": 771,
              "epobParentId": 77,
              "leaf": true
            },
            {
              "epobDscr": "Chrome",
              "duration": 0.25,
              "user": "Aaron Conran",
              "epobTypeDscr": "Aktion",
              "epobType": "EXTERNAL_ACTION",
              "epobTypeId": 5967,
              "iconCls": "task",
              "processId": 7,
              "epobId": 772,
              "epobParentId": 77,
              "leaf": true
            }
          ]
        }
      ]
    }
  ]
}